city.city,city.region,city.country,city.relevance,city.BidFactor,city.eCPM,city.eFlightSpend,city.cumulativeSpend,city.eCPA,city.cumulativeEcpa,city.eCTR,city.eCPC,city.eViewability
Jalalpur,Gujarat,India,37.72,4.63,0.94,12.99,12.99,155.97,155.97,3.20E-04,3.11,0.3813
La Canada Flintridge,California,United States,34.53,4.54,3.28,62.89,75.88,596.99,402.27,4.60E-04,6.9,0.5951
Alexandria,New South Wales,Australia,24.55,4.2,3.77,65.32,141.2,966.05,551.03,7.10E-04,5.11,0.6053
Surry Hills,New South Wales,Australia,13.96,3.64,4.15,119.95,261.16,1872.25,815.3,4.40E-04,8.61,0.5893
Ventura,California,United States,13.36,3.59,2.91,479.29,740.44,1371.37,1105.44,7.10E-04,3.99,0.5784
Carpinteria,California,United States,11.01,3.4,3.48,55.24,795.68,1989.58,1140.63,6.30E-04,5.54,0.5673
Bengaluru,Karnataka,India,10.65,3.37,1.91,388.82,1184.5,1130.51,1137.29,3.40E-04,5.36,0.4176
Moorpark,California,United States,9.4,3.24,3.24,194.65,1379.16,2169.46,1219.15,6.40E-04,4.96,0.5805
London,England,United Kingdom,8.38,3.13,3.21,5088.58,6467.73,2412.21,1995.75,0.00163,1.9,0.551
Boulder,Colorado,United States,7.35,2.99,2.81,1755.93,8223.66,2405.24,2071.04,6.70E-04,3.96,0.4934
Oxnard,California,United States,6.96,2.94,2.85,751.77,8975.43,2575.2,2105.57,8.40E-04,3.27,0.5683
Kolkata,West Bengal,India,6.84,2.92,1.37,76.89,9052.32,1256.38,2093.55,3.80E-04,3.51,0.4057
Livermore,California,United States,6.69,2.9,3.13,485.95,9538.26,2943.99,2124.82,6.00E-04,5.16,0.5687
Manhattan Beach,California,United States,6.59,2.89,3.54,243.15,9781.41,3381,2144.63,4.50E-04,7.63,0.5731
Gurgaon,Haryana,India,6.25,2.83,1.59,39.88,9821.3,1601.67,2141.68,3.60E-04,4.26,0.4121
Santa Barbara,California,United States,6.21,2.83,3.5,1404.64,11225.94,3547.3,2253.4,6.40E-04,5.46,0.5509
?ód?,?ód? Voivodeship,Poland,5.86,2.77,1.2,14.68,11240.62,1288.75,2251.2,5.00E-04,2.8,0.5747
Thousand Oaks,California,United States,5.73,2.75,3.05,594.54,11835.15,3353.77,2289.01,0.00454,0.65,0.597
Redhill,Surrey,United Kingdom,5.53,2.71,3.43,55.45,11890.61,3898.32,2293.42,5.40E-04,6.67,0.5808
Gladesville,New South Wales,Australia,5.43,2.69,4.56,75.31,11965.91,5286.91,2301.62,4.90E-04,9.39,0.5706
Nantes,Loire-Atlantique,France,5.32,2.67,1.28,61.13,12027.05,1508.08,2295.48,3.40E-04,3.61,0.3987
Woolwich,Greenwich,United Kingdom,5.21,2.65,3.2,43.98,12071.03,3860.1,2298.88,5.10E-04,6.3,0.5849
Westlake Village,California,United States,5.2,2.65,3.29,67.97,12139,3980.15,2304.33,7.20E-04,4.47,0.5438
Kaohsiung City,Kaohsiung,Taiwan,5.13,2.64,1.05,50.22,12189.22,1282.16,2296.78,4.50E-04,2.26,0.4189
Sale,Trafford,United Kingdom,4.99,2.61,3.32,77.52,12266.74,4187.02,2303.36,7.60E-04,4.71,0.5759
New Delhi,National Capital Territory of Delhi,India,4.86,2.58,1.52,117.62,12702.78,1965.43,2324.95,3.40E-04,4.42,0.4385
San Pedro,California,United States,4.86,2.58,3.14,318.42,12702.78,4069.43,2324.95,6.60E-04,4.65,0.567
Montebello,California,United States,4.74,2.56,2.95,451.34,13154.12,3914.29,2357.8,0.00124,2.33,0.5356
Waterville,Maine,United States,4.56,2.52,3.05,156.14,13310.26,4214.17,2370.04,8.50E-04,3.65,0.6039
Kingston,Royal Kingston upon Thames,United Kingdom,4.53,2.51,3.64,100.84,13411.1,5057.66,2379.55,6.20E-04,6.1,0.5834
Sevenoaks,Kent,United Kingdom,4.48,2.5,3.11,49.63,13460.73,4359.91,2383.54,7.30E-04,4.6,0.5828
Laguna Beach,California,United States,4.4,2.48,3.33,121.85,13775.1,4757.57,2413.07,7.10E-04,4.69,0.5677
Venice,California,United States,4.4,2.48,3.79,192.52,13775.1,5414.09,2413.07,5.90E-04,6.15,0.5404
Corte Madera,California,United States,4.29,2.46,3.35,59.51,13834.61,4917.24,2418.37,5.60E-04,6.04,0.5555
Sanford,Maine,United States,4.27,2.45,3.02,85.46,13920.07,4450.53,2425.17,6.30E-04,4.88,0.6129
Petaluma,California,United States,4.13,2.42,3.22,425.58,14345.64,4905.93,2462.1,6.70E-04,4.82,0.5634
Izmir,Izmir,Turkey,4.12,2.42,0.45,14.62,14360.27,684.52,2455.61,6.90E-04,0.68,0.1578
Millbrae,California,United States,4.04,2.4,3.2,102.88,14463.15,4982.39,2464.5,5.90E-04,5.2,0.556
Goleta,California,United States,3.98,2.38,3.64,192.45,14655.6,5750.3,2483.13,5.90E-04,6.15,0.5685
Camden,Camden,United Kingdom,3.86,2.35,3.62,155.14,14810.74,5896.24,2498.28,4.20E-04,8.86,0.5949
Pyrmont,New South Wales,Australia,3.82,2.34,3.85,49.6,14860.34,6342.81,2503.34,3.00E-04,12.6,0.5674
Aliso Viejo,California,United States,3.78,2.33,3.35,404.52,15264.86,5570.75,2540.41,6.20E-04,5.34,0.5728
Northridge,California,United States,3.69,2.31,3.12,502.83,15767.69,5310.49,2583.38,0.00149,2.07,0.5763
Altadena,California,United States,3.64,2.29,3.41,247.04,16014.73,5889.85,2605.95,5.80E-04,5.83,0.5919
Daly City,California,United States,3.62,2.29,2.92,509.36,16524.09,5071.23,2645.6,6.30E-04,4.53,0.5434
Pleasant Hill,California,United States,3.59,2.28,3,276.66,16800.75,5250.47,2667.39,5.90E-04,5.21,0.5756
San Francisco,California,United States,3.57,2.27,3.25,10384.37,27185.12,5729.67,3351.65,7.10E-04,4.4,0.5088
San Gabriel,California,United States,3.56,2.27,2.96,230.62,27415.73,5223.19,3361.78,7.50E-04,3.91,0.5941
Stockholm,Stockholm,Sweden,3.55,2.27,2.7,112.36,27528.09,4780.72,3365.86,8.30E-04,3.17,0.4914
Calabasas,California,United States,3.53,2.26,3.14,202.7,27730.79,5589.16,3375.68,6.70E-04,4.66,0.6166
Redondo Beach,California,United States,3.46,2.24,3.41,688.05,28418.85,6199.98,3413.32,5.90E-04,5.64,0.5771
Arroyo Grande,California,United States,3.38,2.22,3.54,271.9,28690.75,6582.58,3428.97,8.20E-04,4.32,0.5926
Mumbai,Maharashtra,India,3.37,2.21,1.52,213.22,28903.97,2829.07,3423.61,4.00E-04,3.67,0.4175
Carbondale,Colorado,United States,3.31,2.2,3.05,119.48,29023.45,5791.1,3429.38,7.30E-04,4.12,0.5205
Girona,Girona,Spain,3.23,2.17,1.8,29.85,29053.29,3499.31,3429.45,6.00E-04,3.05,0.5054
Newark,California,United States,3.21,2.17,2.95,320.5,29373.8,5773.55,3444.71,6.60E-04,4.29,0.5543
Kiev,Kyiv City,Ukraine,3.19,2.16,0.68,17.11,29390.91,1335.05,3441.55,7.30E-04,0.96,0.5475
Alameda,California,United States,3.17,2.15,2.92,577.86,29968.76,5796.6,3468.72,6.10E-04,4.74,0.5586
Pune,Maharashtra,India,3.15,2.15,1.7,113.33,30082.09,3392.31,3468.43,3.80E-04,4.29,0.4131
Newport Beach,California,United States,3.11,2.13,3.35,530.42,30612.52,6770.65,3497.99,7.20E-04,4.54,0.5773
Santa Monica,California,United States,3.03,2.11,3.52,1053.07,31665.59,7314.82,3559.76,6.00E-04,5.8,0.5771
Temecula,California,United States,2.96,2.09,3.26,724.23,32389.83,6920.4,3598.84,7.00E-04,4.54,0.6032
Irvine,California,United States,2.94,2.08,3.3,3214.72,35604.55,7060.83,3765.54,5.70E-04,5.65,0.5535
Menlo Park,California,United States,2.8,2.03,2.08,617.04,36221.59,4678.98,3778.1,3.20E-04,5.9,0.5791
Carlsbad,California,United States,2.78,2.02,3.64,995.63,37217.21,8230.81,3833.58,6.60E-04,5.42,0.5688
Beverly Hills,California,United States,2.76,2.02,3.44,674.92,38197.72,7843.43,3884.22,4.60E-04,7.32,0.6045
Encino,California,United States,2.76,2.02,3.37,305.59,38197.72,7672.66,3884.22,6.90E-04,4.77,0.5675
Norwood,Croydon,United Kingdom,2.75,2.01,3.48,56.54,38254.26,7956.52,3887.16,7.80E-04,4.69,0.5993
Adana,Adana,Turkey,2.74,2.01,0.32,4.13,38258.39,725.26,3885.33,9.00E-04,0.38,0.1261
Chennai,Tamil Nadu,India,2.69,1.99,1.58,134.29,38702.1,3696.34,3898,4.20E-04,3.61,0.4329
Newbury Park,California,United States,2.69,1.99,2.91,309.43,38702.1,6801.78,3898,6.00E-04,4.7,0.5494
Hawthorne,California,United States,2.65,1.97,3.3,363.05,39325.12,7843.18,3928.05,8.90E-04,3.57,0.5768
Monterey Park,California,United States,2.65,1.97,3.01,259.97,39325.12,7148.12,3928.05,7.90E-04,3.71,0.5692
Istanbul,Istanbul,Turkey,2.62,1.96,0.56,85.72,39410.83,1354.11,3911.88,6.90E-04,0.82,0.1767
Sydney,New South Wales,Australia,2.61,1.96,3.44,2488.15,41898.98,8287.93,4038.51,9.20E-04,3.55,0.5508
Canoga Park,California,United States,2.6,1.96,3.22,288.83,42187.81,7794.9,4051.87,7.70E-04,4.08,0.5767
Delhi,National Capital Territory of Delhi,India,2.58,1.95,1.54,133.19,42321,3745.95,4050.83,4.20E-04,3.73,0.42
Cairo,Cairo Governorate,Egypt,2.56,1.94,1.44,47.94,42368.94,3544.48,4050.18,0.00334,0.37,0.5046
Laguna Niguel,California,United States,2.55,1.94,3.29,550.08,42919.02,8120.44,4076.37,6.60E-04,5.01,0.5781
Rancho Santa Margarita,California,United States,2.51,1.92,3.16,236.39,43155.41,7919.46,4087.23,6.20E-04,5.14,0.5828
Inglewood,California,United States,2.5,1.92,3.27,333.64,43510.11,8225.37,4102.57,7.30E-04,4.33,0.6022
Jaipur,Rajasthan,India,2.5,1.92,1.3,21.05,43510.11,3282.79,4102.57,3.40E-04,3.83,0.4014
Fulham,Hammersmith and Fulham,United Kingdom,2.45,1.9,3.6,138.48,43648.59,9255.8,4109.83,5.00E-04,7.59,0.5594
Malibu,California,United States,2.44,1.89,3.26,149.75,44031.78,8398.02,4130.38,5.70E-04,5.79,0.5825
Port Washington,New York,United States,2.44,1.89,4.1,233.44,44031.78,10558.5,4130.38,6.50E-04,6.18,0.5568
Alhambra,California,United States,2.4,1.88,2.92,586.62,44618.39,7642.47,4155.48,7.10E-04,4.04,0.5996
Granada Hills,California,United States,2.39,1.87,2.93,231.03,44849.42,7716.12,4165.39,6.70E-04,4.25,0.587
Brighton,Brighton and Hove,United Kingdom,2.25,1.81,3.44,432.45,45281.87,9626.4,4188.08,5.90E-04,6.14,0.5854
Los Angeles,California,United States,2.22,1.8,3.16,23150.67,68432.53,8952.13,5107.61,0.00104,2.96,0.5554
Bondi,New South Wales,Australia,2.21,1.79,3.87,62.76,68495.3,11006.54,5110.12,4.90E-04,7.72,0.603
Glendale,California,United States,2.2,1.79,3.12,1249.17,69744.46,8915.08,5149.49,6.70E-04,4.5,0.5929
Studio City,California,United States,2.19,1.78,3.25,285.83,70030.29,9344.29,5158.94,5.80E-04,5.51,0.5713
Darlinghurst,New South Wales,Australia,2.17,1.77,4.07,58.94,70089.23,11803.56,5161.38,4.00E-04,9.73,0.5933
Stoke Newington,Hackney,United Kingdom,2.16,1.77,3.57,59.28,70345.67,10393.43,5169.42,6.00E-04,6.29,0.5601
Commerce City,Colorado,United States,2.16,1.77,2.97,197.15,70345.67,8655.98,5169.42,6.90E-04,4.12,0.4892
Tarzana,California,United States,2.13,1.76,3.11,78.3,70987.44,9186.95,5187.31,7.50E-04,4.05,0.5661
Westminster,California,United States,2.13,1.76,2.79,563.47,70987.44,8252.86,5187.31,6.60E-04,4.17,0.5967
Lidcombe,New South Wales,Australia,2.1,1.74,4.14,70.61,71058.05,12410.64,5190.31,8.20E-04,4.7,0.5993
Littleton,Colorado,United States,2.08,1.73,3.11,2555.19,73613.24,9416.78,5272.45,6.70E-04,4.56,0.4938
Oakland,California,United States,2.02,1.7,2.96,4151.32,77764.56,9206.96,5395.54,8.70E-04,3.33,0.5127
Bermondsey,Southwark,United Kingdom,1.99,1.69,3.6,178.74,78186.13,11387.28,5385.22,6.10E-04,6.11,0.5417
Cagayan de Oro,Province of Misamis Oriental,Philippines,1.99,1.69,0.85,242.83,78186.13,2691.98,5385.22,9.50E-04,0.94,0.5089
Brighton,Colorado,United States,1.98,1.68,2.88,319.71,78505.85,9162.33,5394.28,7.60E-04,3.74,0.4671
Hyderabad,Telangana,India,1.93,1.66,1.58,160.79,79580.75,5144.04,5422.23,5.00E-04,2.97,0.4242
Placentia,California,United States,1.93,1.66,3.05,403.92,79580.75,9935.23,5422.23,7.80E-04,3.82,0.5787
Yorba Linda,California,United States,1.93,1.66,3.05,510.19,79580.75,9944.81,5422.23,7.40E-04,4.11,0.5765
Chatsworth,California,United States,1.92,1.65,3.03,303.8,79884.55,9939.67,5431.62,6.50E-04,4.55,0.5998
Kensington,Royal Kensington and Chelsea,United Kingdom,1.89,1.64,3.43,243.03,80127.58,11408.91,5440.26,4.90E-04,7.42,0.5594
Valley Village,California,United States,1.88,1.63,3.35,175.67,80303.24,11212.4,5446.39,7.30E-04,4.52,0.5758
Trabuco Canyon,California,United States,1.82,1.6,3.4,284.63,80587.87,11766.08,5456.75,8.80E-04,3.82,0.525
Santa Clara,California,United States,1.8,1.59,2.91,2229.32,82817.19,10182.94,5525.78,5.20E-04,5.43,0.5803
South Pasadena,California,United States,1.79,1.58,3.14,258.13,83325.6,11017.78,5544.2,5.60E-04,5.54,0.5844
Westbury,New York,United States,1.79,1.58,3.85,250.28,83325.6,13537.87,5544.2,7.30E-04,5.34,0.5771
Lafayette,Colorado,United States,1.77,1.57,2.79,211.77,83537.37,9897.73,5550.39,7.60E-04,3.57,0.4923
Ahmedabad,Gujarat,India,1.76,1.57,1.1,39.18,83799.64,3942.79,5557.07,2.90E-04,3.93,0.3908
Shepherds Bush,Hammersmith and Fulham,United Kingdom,1.76,1.57,3.46,87.74,83799.64,12355,5557.07,4.90E-04,7.21,0.5508
Ojai,California,United States,1.76,1.57,3.14,135.34,83799.64,11215.89,5557.07,6.70E-04,4.78,0.6226
Marina del Rey,California,United States,1.75,1.56,3.81,156.04,83955.68,13701.61,5563.21,5.80E-04,6.25,0.5475
Woodland Hills,California,United States,1.73,1.55,3.19,637.01,84592.69,11608.44,5585.12,6.70E-04,4.69,0.5836
Singapore,Central Singapore Community Development Council,Singapore,1.69,1.52,1.89,6687.11,91279.8,7032.46,5670.61,8.30E-04,2.06,0.4126
Sherman Oaks,California,United States,1.68,1.52,3.37,528.61,91860.41,12605.08,5690.35,6.50E-04,5.12,0.5731
Southsea,Portsmouth,United Kingdom,1.68,1.52,3.26,52,91860.41,12196.36,5690.35,6.60E-04,5.18,0.5503
Camarillo,California,United States,1.66,1.51,2.88,505.49,92365.9,10922.18,5705.31,6.90E-04,4.11,0.5797
City of Westminster,City of Westminster,United Kingdom,1.63,1.49,3.65,130.2,92555.45,14103.4,5712.25,4.60E-04,8.11,0.59
Epsom,Surrey,United Kingdom,1.63,1.49,3.59,59.35,92555.45,13862.72,5712.25,5.80E-04,6.4,0.595
Aurora,Colorado,United States,1.6,1.47,2.9,2663.23,95218.68,11415.29,5793.2,7.50E-04,3.8,0.4947
Long Beach,California,United States,1.59,1.46,2.83,2263.96,97482.64,11204.08,5858.91,7.30E-04,3.83,0.584
Hampstead,Camden,United Kingdom,1.57,1.45,3.61,175.13,98437.95,14477.87,5891.66,6.20E-04,6.07,0.5702
Milpitas,California,United States,1.57,1.45,3.38,780.17,98437.95,13550.3,5891.66,5.00E-04,6.64,0.5679
Harrow,Harrow,United Kingdom,1.55,1.44,3.46,230.18,98668.13,14050.15,5899.65,7.00E-04,5.21,0.5693
Southwark,Southwark,United Kingdom,1.53,1.43,3.42,69.94,98738.06,14072.88,5902.08,9.20E-04,3.96,0.5373
El Segundo,California,United States,1.52,1.42,3.5,258.56,99091.73,14494.69,5914.64,5.80E-04,5.83,0.5618
Twickenham,Richmond upon Thames,United Kingdom,1.52,1.42,3.59,95.11,99091.73,14837.86,5914.64,6.80E-04,5.56,0.5879
Reseda,California,United States,1.49,1.4,3.09,427.32,99519.05,13040.78,5928.55,7.80E-04,3.88,0.5721
Catania,Catania,Italy,1.48,1.39,1.47,26.57,99650.12,6233.17,5932.34,9.00E-04,1.57,0.46
Yeovil,Somerset,United Kingdom,1.48,1.39,3.45,104.5,99650.12,14657.39,5932.34,7.20E-04,5.2,0.5851
El Cerrito,California,United States,1.47,1.39,3.16,201.83,99851.95,13502.2,5939.07,5.50E-04,5.53,0.5239
Camberwell,Southwark,United Kingdom,1.46,1.38,3.49,182.2,100586.11,15050.39,5963.32,7.00E-04,5.23,0.5721
Ontario,California,United States,1.46,1.38,3.01,551.96,100586.11,12949.02,5963.32,7.80E-04,3.78,0.6001
Hamburg,Hamburg,Germany,1.44,1.36,2.25,842.65,101521.81,9841.1,5984.13,0.0029,0.77,0.4658
Zaragoza,Saragossa,Spain,1.44,1.36,1.76,93.05,101521.81,7698.11,5984.13,7.60E-04,2.31,0.5247
Lake Forest,California,United States,1.42,1.35,3.3,521.87,102043.68,14617.15,6002.26,6.90E-04,4.68,0.5703
Mitcham,Merton,United Kingdom,1.41,1.34,3.32,73.87,102117.55,14801.02,6004.84,7.00E-04,4.96,0.5783
Denver,Colorado,United States,1.38,1.32,2.99,15347.91,117465.46,13632.85,6478.47,9.20E-04,3.17,0.4738
Bucharest,Bucuresti,Romania,1.35,1.3,0.73,28.82,118773.31,3379.9,6514.04,7.50E-04,0.91,0.6
Huntington Beach,California,United States,1.35,1.3,2.94,1279.03,118773.31,13717.32,6514.04,6.80E-04,4.35,0.5846
Kumamoto,Kumamoto,Japan,1.34,1.29,0.92,46.03,118819.34,4319.1,6512.75,0.001,0.81,0.4769
Chelmsford,Essex,United Kingdom,1.32,1.28,3.38,205.68,119025.02,16089.08,6519.46,6.20E-04,5.68,0.5845
Redwood City,California,United States,1.29,1.25,3.28,1278.54,120303.56,16015.23,6560.8,4.80E-04,6.51,0.5393
Hitchin,Hertfordshire,United Kingdom,1.28,1.25,3.29,57.41,121359.09,16173.99,6576.18,5.60E-04,6.36,0.5861
Madrid,Madrid,Spain,1.28,1.25,1.78,998.12,121359.09,8750.03,6576.18,7.10E-04,2.51,0.5105
Castle Rock,Colorado,United States,1.27,1.24,3.05,355.54,121714.63,15082.74,6587.03,6.10E-04,4.86,0.4822
Pleasanton,California,United States,1.25,1.22,3.16,766.49,122481.11,15883.49,6611.25,6.30E-04,4.98,0.548
Longmont,Colorado,United States,1.24,1.22,2.45,924.92,123406.03,12450.35,6634.57,7.50E-04,3.22,0.4779
Halifax,Nova Scotia,Canada,1.23,1.21,2.9,369.73,123775.76,14847.96,6645.55,8.60E-04,3.3,0.5625
Santa Cruz,California,United States,1.2,1.18,3.45,929.58,124705.35,18095.5,6677.05,6.00E-04,5.73,0.5766
Bursa,Bursa,Turkey,1.19,1.17,0.33,7.39,124828.25,1731.39,6673.47,8.50E-04,0.42,0.1144
Salvador,Bahia,Brazil,1.19,1.17,0.9,115.52,124828.25,4782.15,6673.47,4.90E-04,2.07,0.3817
?ita,Oita,Japan,1.18,1.17,0.86,26.24,124854.49,4609.64,6672.84,9.70E-04,0.74,0.455
Hammersmith,Hammersmith and Fulham,United Kingdom,1.16,1.15,3.53,191.71,125046.2,19162.41,6679.52,6.30E-04,5.96,0.5632
West Hollywood,California,United States,1.14,1.13,3.46,313.67,125359.87,19098.16,6690.4,8.50E-04,4.05,0.5424
Tel Aviv,Tel Aviv,Israel,1.13,1.12,1.66,79.29,125439.16,9268.55,6691.58,5.30E-04,3.01,0.5137
Pasig,Province of Pampanga,Philippines,1.1,1.1,0.85,224.89,125664.05,4860.12,6687.07,8.30E-04,1.1,0.4672
Toyama,Toyama,Japan,1.09,1.09,0.89,25.6,125689.65,5153.65,6686.66,7.50E-04,1.05,0.4859
Menifee,California,United States,1.08,1.08,3.2,357.76,126099.59,18651.15,6699.61,9.30E-04,3.4,0.6149
Noida,Uttar Pradesh,India,1.08,1.08,1.57,52.17,126099.59,9172.94,6699.61,3.90E-04,3.93,0.4037
Wasilla,Alaska,United States,1.07,1.07,3.16,383.14,126482.73,18585.68,6712.61,7.40E-04,4.24,0.6081
San Mateo,California,United States,1.06,1.06,3.21,1354.8,127837.53,19067.13,6759.03,5.60E-04,5.64,0.5362
Ellsworth,Maine,United States,1.05,1.05,2.98,63.68,127901.22,17869.68,6761.12,7.60E-04,3.98,0.5799
Erie,Colorado,United States,1.04,1.04,2.94,201.81,128140.85,17759.4,6768.45,7.00E-04,4.02,0.505
Murcia,Murcia,Spain,1.04,1.04,1.76,37.83,128140.85,10631.51,6768.45,8.60E-04,2.08,0.5293
Dillon,Colorado,United States,1.02,1.02,2.99,52.62,128706.33,18415.15,6785.78,0.00101,2.9,0.512
Loveland,Colorado,United States,1.02,1.02,2.73,492.76,128706.33,16835.47,6785.78,7.60E-04,3.5,0.4925
Villeurbanne,Rhône,France,1.02,1.02,1.15,20.09,128706.33,7071.94,6785.78,3.50E-04,3.21,0.4106
Ankara,Ankara,Turkey,1.01,1.01,0.43,24.84,128731.17,2676.22,6783.77,7.60E-04,0.59,0.1397
Fremont,California,United States,1,1,2.92,2451.54,132114.72,18393.88,6895.25,7.20E-04,3.95,0.5289
Fullerton,California,United States,1,1,2.89,830.99,132114.72,18205.35,6895.25,6.10E-04,4.63,0.5738
Paddington,City of Westminster,United Kingdom,1,1,3.22,101.02,132114.72,20256.98,6895.25,4.60E-04,7.23,0.5574
Farnborough,Hampshire,United Kingdom,0.99,0.99,3.13,113.72,132500.35,19916.97,6908.98,6.40E-04,5.28,0.6041
Paso Robles,California,United States,0.99,0.99,3.55,271.92,132500.35,22579.43,6908.98,7.90E-04,4.43,0.5697
Wolverhampton,Wolverhampton,United Kingdom,0.97,0.97,3.31,337.82,132838.18,21469.89,6920.91,7.40E-04,4.77,0.5716
Agoura Hills,California,United States,0.96,0.96,3.17,252.84,133091.02,20801.35,6929.7,5.70E-04,5.38,0.6041
Broomfield,Colorado,United States,0.95,0.95,2.98,1205.26,134296.28,19743.85,6970.3,6.90E-04,4.18,0.4801
Pacific Palisades,California,United States,0.94,0.94,3.55,169.31,134465.59,23738.97,6976.5,6.00E-04,5.76,0.5712
Rancho Cucamonga,California,United States,0.93,0.93,2.94,875.65,135341.24,19865,7005.91,6.80E-04,4.32,0.6088
Valencia,Valencia,Spain,0.92,0.92,1.92,158.1,135499.34,13119.82,7009.72,9.60E-04,2.05,0.4935
Santa Ana,California,United States,0.91,0.91,2.92,1374.65,136873.99,20218.12,7056.02,9.50E-04,2.99,0.5453
Catford,Lewisham,United Kingdom,0.9,0.89,3.22,95.8,137119.47,22540.41,7064.8,6.30E-04,5.52,0.5752
Wakefield,Wakefield,United Kingdom,0.9,0.89,3.35,149.68,137119.47,23414.2,7064.8,8.60E-04,4.1,0.5539
Pasadena,California,United States,0.87,0.86,2.77,1428.02,138547.49,20029.22,7112.25,5.90E-04,4.42,0.4942
Berlin,Land Berlin,Germany,0.86,0.85,2.18,1233.22,139780.71,15952.25,7147.19,6.20E-04,3.6,0.4739
Los Altos,California,United States,0.84,0.83,3.48,387.73,140750.75,26086.72,7181.92,4.80E-04,7.21,0.5506
Tustin,California,United States,0.84,0.83,3.04,582.31,140750.75,22729.52,7181.92,6.00E-04,4.98,0.5661
Arvada,Colorado,United States,0.82,0.8,2.94,1215.69,142271.71,22532.87,7235.15,7.40E-04,3.87,0.4874
Slough,Slough,United Kingdom,0.82,0.8,3.29,305.26,142271.71,25265.87,7235.15,6.20E-04,5.62,0.5731
Paris,Paris,France,0.81,0.79,1.17,1110.19,143381.9,9068.56,7246.5,9.50E-04,1.24,0.4668
Culver City,California,United States,0.8,0.78,3.46,311.76,143693.66,27225.13,7258.05,6.60E-04,5.07,0.541
Auckland,Auckland,New Zealand,0.79,0.76,2.26,515.31,144208.96,18023.17,7273.58,7.90E-04,2.78,0.4505
Coventry,Coventry,United Kingdom,0.78,0.75,3.41,451.63,144660.6,27474.88,7290.31,6.80E-04,5.32,0.5687
Winchester,California,United States,0.77,0.74,3.12,108.26,144768.85,25502.12,7294.21,7.30E-04,4.1,0.6357
Florianópolis,Santa Catarina,Brazil,0.76,0.73,1.22,50.02,144818.88,10061.53,7294.9,5.40E-04,2.54,0.4276
Frankfurt am Main,Hesse,Germany,0.75,0.71,2,605.1,146456.23,16773.15,7349.84,0.00386,0.6,0.4123
North Hollywood,California,United States,0.75,0.71,3.17,943.37,146456.23,26608.39,7349.84,6.70E-04,4.69,0.5755
North Melbourne,Victoria,Australia,0.75,0.71,3.73,88.89,146456.23,31315.34,7349.84,4.40E-04,7.98,0.6337
San Jose,California,United States,0.74,0.7,3,9835.49,158168.36,25484.04,7759.8,9.70E-04,3.01,0.5343
Torrance,California,United States,0.74,0.7,3.1,1208.14,158168.36,26358.96,7759.8,6.70E-04,4.43,0.581
Van Nuys,California,United States,0.74,0.7,3.17,668.49,158168.36,26943.31,7759.8,7.10E-04,4.42,0.5824
Concord,New South Wales,Australia,0.73,0.69,4.81,117.6,162037.95,41423.73,7890.14,7.10E-04,6.63,0.563
Hayward,California,United States,0.73,0.69,2.47,1809.74,162037.95,21280.31,7890.14,9.30E-04,2.62,0.4862
Sunnyvale,California,United States,0.73,0.69,3.42,1942.26,162037.95,29501.3,7890.14,5.30E-04,6.42,0.5431
Orange,California,United States,0.72,0.67,2.97,1078.99,163116.93,25989.96,7926.66,6.70E-04,4.32,0.5783
Balham,Lambeth,United Kingdom,0.71,0.66,3.56,90.23,163912.17,31563.46,7953.45,7.30E-04,4.89,0.5557
Graz,Styria,Austria,0.71,0.66,1.23,70.38,163912.17,10909.46,7953.45,9.00E-04,1.63,0.5205
Leicester,Leicester,United Kingdom,0.71,0.66,3.35,634.63,163912.17,29700.93,7953.45,7.60E-04,4.69,0.5723
Costa Mesa,California,United States,0.7,0.64,2.02,1081.23,165814.83,18121.83,8010.9,0.00174,1.09,0.5452
Luton,Luton,United Kingdom,0.7,0.64,3.35,149.9,165814.83,30112.55,8010.9,7.90E-04,4.51,0.5497
Simi Valley,California,United States,0.7,0.64,2.98,671.53,165814.83,26785.89,8010.9,6.30E-04,4.69,0.5824
Belmont,California,United States,0.69,0.63,3.31,237.61,166052.44,30169.17,8019.33,4.30E-04,7.03,0.509
Northampton,Northamptonshire,United Kingdom,0.68,0.61,3.26,475.27,167594.56,30185.7,8074.01,6.60E-04,5.3,0.5755
Walnut Creek,California,United States,0.68,0.61,3.29,1066.85,167594.56,30473.58,8074.01,5.90E-04,5.56,0.5543
Aubervilliers,Seine-Saint-Denis,France,0.66,0.58,1.38,37.26,168167.96,13107.67,8091.89,3.30E-04,4.04,0.5269
Sorocaba,Sao Paulo,Brazil,0.66,0.58,0.99,27.01,168167.96,9463.53,8091.89,5.00E-04,2.28,0.4088
Union City,California,United States,0.66,0.58,2.77,509.13,168167.96,26367.41,8091.89,7.20E-04,3.76,0.5278
Saratoga,California,United States,0.65,0.57,2.18,492.65,168660.61,21127.71,8106.5,0.00153,1.3,0.5372
Melbourne,Victoria,Australia,0.64,0.55,3.22,2003.96,171738.12,31602.28,8215.28,9.40E-04,3.31,0.5742
San Luis Obispo,California,United States,0.64,0.55,3.6,581.24,171738.12,35338.92,8215.28,6.90E-04,5.16,0.5843
Victorville,California,United States,0.64,0.55,2.98,458.77,171738.12,29288.75,8215.28,8.30E-04,3.57,0.6058
Vitória,Espirito Santo,Brazil,0.64,0.55,0.95,33.53,171738.12,9372.85,8215.28,5.50E-04,2.04,0.4268
Kowloon,Kowloon City,Hong Kong,0.63,0.54,1.41,559.89,175211.79,14061.97,8326.47,4.20E-04,3.23,0.4411
Anaheim,California,United States,0.63,0.54,2.91,2064.81,175211.79,29009.8,8326.47,0.00101,2.78,0.5487
Windsor,California,United States,0.63,0.54,3.11,220.89,175211.79,31084.77,8326.47,7.00E-04,4.37,0.5918
Yakima,Washington,United States,0.63,0.54,3.16,628.08,175211.79,31506.87,8326.47,8.80E-04,3.55,0.598
Helsinki,Uusimaa,Finland,0.62,0.52,1.81,207.72,175419.51,18334.22,8331.86,0.01284,0.15,0.5877
Covina,California,United States,0.61,0.51,2.71,317.99,175737.51,27914.94,8342.45,8.30E-04,3.22,0.6027
Brentwood,California,United States,0.6,0.49,3.12,346.85,187547.76,32693.63,8749.39,6.90E-04,4.51,0.5814
Burbank,California,United States,0.6,0.49,3.1,862.21,187547.76,32466.67,8749.39,5.30E-04,5.65,0.5692
Exeter,Devon,United Kingdom,0.6,0.49,3.49,157.58,187547.76,36640.62,8749.39,8.00E-04,4.65,0.5816
Sampaloc,Quezon,Philippines,0.6,0.49,0.85,549.86,187547.76,8897.55,8749.39,8.80E-04,1.02,0.4776
San Diego,California,United States,0.6,0.49,3.54,9893.76,187547.76,37085.65,8749.39,6.90E-04,5.05,0.5644
Rancho Palos Verdes,California,United States,0.59,0.47,3.13,311.31,188614.78,33364.98,8786.87,7.00E-04,4.47,0.6114
Santa Maria,California,United States,0.59,0.47,3.48,503.53,188614.78,37081.68,8786.87,7.90E-04,4.37,0.579
Watford,Hertfordshire,United Kingdom,0.59,0.47,3.33,252.17,188614.78,35555.92,8786.87,5.40E-04,6.35,0.5826
Lawndale,California,United States,0.58,0.46,3.17,98.54,188713.32,34330.79,8790.29,7.90E-04,3.9,0.5921
Palo Alto,California,United States,0.57,0.44,3.03,1585.12,190351.09,33484.74,8845.6,4.80E-04,6.12,0.5143
Salzburg,Salzburg,Austria,0.57,0.44,1.33,52.65,190351.09,14700.09,8845.6,8.30E-04,1.89,0.5372
Brentwood,Essex,United Kingdom,0.56,0.42,3.35,53.59,190624.78,37603.87,8855.69,5.80E-04,6.16,0.6093
Fishkill,New York,United States,0.56,0.42,3.95,220.11,190624.78,44365.35,8855.69,3.80E-04,10.44,0.549
Garden Grove,California,United States,0.55,0.4,2.66,732.18,192904.57,30418.22,8934.24,7.30E-04,3.58,0.5968
Glasgow,Glasgow City,United Kingdom,0.55,0.4,3.21,1378.48,192904.57,36670.98,8934.24,8.50E-04,4.05,0.5623
Hackney,Hackney,United Kingdom,0.55,0.4,3.47,169.13,192904.57,39721.11,8934.24,5.40E-04,6.74,0.5555
Barcelona,Barcelona,Spain,0.54,0.38,1.73,506.18,193526.92,20135.64,8951.45,0.00131,1.34,0.4983
Leyton,Waltham Forest,United Kingdom,0.54,0.38,3.48,116.16,193526.92,40573.48,8951.45,5.90E-04,6.1,0.5669
Lisbon,Lisbon,Portugal,0.53,0.37,0.43,25.71,195199.94,5120.34,9007.55,4.70E-04,0.82,0.4074
Panorama City,California,United States,0.53,0.37,3.09,155.51,195199.94,36620.53,9007.55,0.00112,2.66,0.5954
Perth,Western Australia,Australia,0.53,0.37,3.06,1080.63,195199.94,36366.47,9007.55,9.00E-04,3.2,0.5693
Rosemead,California,United States,0.53,0.37,2.86,411.17,195199.94,33925.12,9007.55,9.60E-04,2.89,0.5622
Englewood,Colorado,United States,0.52,0.35,2.94,1146.63,196346.57,35530.65,9046.98,6.60E-04,4.35,0.4767
Bellflower,California,United States,0.51,0.33,2.8,272.91,208485.91,34524.07,9465.54,9.00E-04,3.05,0.601
Chelsea,Royal Kensington and Chelsea,United Kingdom,0.51,0.33,3.52,93.27,208485.91,43442.01,9465.54,5.00E-04,7.08,0.5554
La Jolla,California,United States,0.51,0.33,3.46,548.98,208485.91,42668.29,9465.54,5.70E-04,5.94,0.5652
Phoenix,Arizona,United States,0.51,0.33,3.31,10442.51,208485.91,40795.73,9465.54,0.00195,1.65,0.5608
Twin Falls,Idaho,United States,0.51,0.33,3.29,259.32,208485.91,40546.48,9465.54,7.10E-04,4.56,0.605
Vienna,Vienna,Austria,0.51,0.33,1.13,522.34,208485.91,13928.12,9465.54,0.00102,1.38,0.4949
Berkeley,California,United States,0.5,0.31,3.23,1691.01,210979.31,40593.36,9551.7,4.80E-04,6.58,0.5104
Casper,Wyoming,United States,0.5,0.31,2.88,363.6,210979.31,36259.72,9551.7,9.90E-04,2.87,0.6163
Genoa,Provincia di Genova,Italy,0.5,0.31,1.49,26.87,210979.31,18755.98,9551.7,0.00107,1.53,0.4961
Islington,Islington,United Kingdom,0.5,0.31,3.54,411.92,210979.31,44576.98,9551.7,5.10E-04,7.19,0.5659
Cupertino,California,United States,0.49,0.29,3.07,695.88,211745.13,39382.92,9576.87,3.90E-04,7.74,0.5474
Prague,Hlavni mesto Praha,Czechia,0.49,0.29,1.28,69.94,211745.13,16427.87,9576.87,9.20E-04,1.48,0.5157
Bremen,Bremen,Germany,0.48,0.27,2.13,139.38,212295.49,27927.03,9594.3,6.30E-04,3.53,0.4757
Krakow,Lesser Poland Voivodeship,Poland,0.48,0.27,1.29,48.5,212295.49,16964.97,9594.3,6.00E-04,2.41,0.5583
Westminster,Colorado,United States,0.48,0.27,2.96,362.49,212295.49,38789.79,9594.3,8.20E-04,3.53,0.4841
Dagenham,Barking and Dagenham,United Kingdom,0.47,0.24,3.08,176.93,212899.58,41187.59,9615.75,7.00E-04,4.72,0.5319
Plymouth,Plymouth,United Kingdom,0.47,0.24,3.48,427.17,212899.58,46578.39,9615.75,6.70E-04,5.47,0.5965
Astoria,New York,United States,0.46,0.22,3.61,845.17,214352.6,49321.59,9659.24,8.20E-04,4.28,0.6378
Boulogne-Billancourt,Hauts-de-Seine,France,0.46,0.22,1.25,24.48,214352.6,17154.4,9659.24,2.20E-04,5.61,0.4617
Dublin,Leinster,Ireland,0.46,0.22,1.33,583.37,214352.6,18135.13,9659.24,8.30E-04,1.38,0.3523
Arcadia,California,United States,0.45,0.2,3.12,370.09,215864.1,43580.69,9713.65,6.30E-04,4.86,0.581
Edison,New Jersey,United States,0.45,0.2,3.58,1141.41,215864.1,50034.8,9713.65,6.20E-04,5.77,0.5304
Campinas,Sao Paulo,Brazil,0.44,0.18,1.05,85.89,216841.06,15003.46,9743.85,4.60E-04,2.6,0.4165
Grand Junction,Colorado,United States,0.44,0.18,3.13,671.74,216841.06,44735.61,9743.85,8.90E-04,3.48,0.526
Milan,Milan,Italy,0.44,0.18,1.44,219.33,216841.06,20586.86,9743.85,0.00203,0.75,0.526
Pamplona,Navarre,Spain,0.43,0.16,1.8,37.16,216878.22,26397.98,9744.9,7.30E-04,2.51,0.5196
Burlingame,California,United States,0.42,0.13,3.23,414.53,217400.67,48421.12,9763.69,5.10E-04,6.29,0.5648
Hemel Hempstead,Hertfordshire,United Kingdom,0.42,0.13,3.4,107.92,217400.67,50898.19,9763.69,6.50E-04,5.51,0.5839
Poplar,Tower Hamlets,United Kingdom,0.41,0.11,3.6,156.07,217556.73,55273.32,9769.46,4.40E-04,8.48,0.5579
Chino Hills,California,United States,0.4,0.08,2.93,456.47,218579.22,46143.05,9806.02,6.90E-04,4.18,0.5888
South San Francisco,California,United States,0.4,0.08,3.04,405.4,218579.22,47815.77,9806.02,6.00E-04,4.92,0.5547
Truckee,California,United States,0.4,0.08,3.55,160.61,218579.22,55904.06,9806.02,6.90E-04,5.11,0.5295
West Hills,California,United States,0.39,0.06,3.18,73.49,218652.71,51314.29,9808.69,5.70E-04,5.52,0.5538
Antioch,California,United States,0.38,0.03,2.87,677.64,220203.38,47510.35,9861.28,9.70E-04,2.93,0.5236
Belfast,Belfast,United Kingdom,0.38,0.03,2.29,535.56,220203.38,37887.27,9861.28,7.70E-04,3.18,0.4613
Bishop,California,United States,0.38,0.03,3.13,74.1,220203.38,51882.36,9861.28,8.70E-04,3.57,0.6186
Hiroshima,Hiroshima,Japan,0.38,0.03,0.88,73.19,220203.38,14649.64,9861.28,8.90E-04,0.86,0.4624
Warrington,Warrington,United Kingdom,0.38,0.03,3.24,190.18,220203.38,53697.1,9861.28,7.00E-04,4.88,0.5779
Bend,Oregon,United States,0.37,0.01,3.43,741.63,220945,58392.81,9888.87,7.50E-04,4.66,0.5784
Curitiba,Parana,Brazil,0.36,0,1.06,173.22,221118.23,18606.46,9892.5,4.40E-04,2.71,0.419
Salinas,California,United States,0.35,0,3.03,461.76,222640.78,54445.34,9949.2,8.70E-04,3.61,0.6088
San Marcos,California,United States,0.35,0,3.57,779.26,222640.78,64154.01,9949.2,7.20E-04,4.94,0.566
South Gate,California,United States,0.35,0,3.12,281.53,222640.78,55996.91,9949.2,9.80E-04,3.11,0.5839
Concord,California,United States,0.34,0,2.83,1057.38,224048.63,52380.76,10000.58,9.00E-04,3.17,0.5203
Monrovia,California,United States,0.34,0,3.38,350.47,224048.63,62442.11,10000.58,6.50E-04,4.81,0.5945
Finchley,Barnet,United Kingdom,0.33,0,3.55,95.45,224441.72,67763.14,10014.95,4.70E-04,7.93,0.582
Palma,Balearic Islands,Spain,0.33,0,1.82,73.85,224441.72,34676.53,10014.95,6.70E-04,2.71,0.5199
Wigan,Wigan,United Kingdom,0.33,0,3.29,223.79,224441.72,62648.3,10014.95,7.70E-04,4.56,0.5583
Amsterdam,North Holland,Netherlands,0.32,0,2.71,224.6,225523.96,53206.74,10055.31,0.00134,1.96,0.4736
Mission Viejo,California,United States,0.32,0,3.24,857.64,225523.96,63747.65,10055.31,7.00E-04,4.61,0.5651
Gardena,California,United States,0.31,0,3.14,273.55,227104,63738.63,10112.83,6.40E-04,4.68,0.5762
Lyon,Rhône,France,0.31,0,1.13,113.41,227104,22941.72,10112.83,3.10E-04,3.54,0.4964
Santa Rosa,California,United States,0.31,0,3.12,1093.74,227104,63321.16,10112.83,6.80E-04,4.6,0.5749
Wiesbaden,Hesse,Germany,0.31,0,2.27,99.34,227104,46129.25,10112.83,7.70E-04,3.17,0.452
Brooklyn,New York,United States,0.3,0,4.02,15000.67,242889.9,84243.86,10725.97,9.70E-04,4.07,0.5338
Huntington Station,New York,United States,0.3,0,4.03,479.66,242889.9,84401.02,10725.97,7.50E-04,5.46,0.5669
Ilford,Redbridge,United Kingdom,0.3,0,3.41,305.57,242889.9,71534.34,10725.97,6.40E-04,5.59,0.5521
Baldwin Park,California,United States,0.29,0,2.85,219.8,243761.1,61819.6,10757.74,7.10E-04,3.84,0.6158
Brussels,Brussels Capital,Belgium,0.29,0,2.4,292.06,243761.1,52135.98,10757.74,0.00372,0.61,0.4597
Gloucester,Gloucestershire,United Kingdom,0.29,0,3.41,262.69,243761.1,74031.93,10757.74,7.20E-04,5.02,0.5751
Stevenage,Hertfordshire,United Kingdom,0.29,0,3.17,96.64,243761.1,68784.12,10757.74,8.30E-04,3.94,0.5863
Cambridge,Cambridgeshire,United Kingdom,0.28,0,3.35,535.44,244501.27,75181.15,10785.64,5.40E-04,6.33,0.5809
Lewiston,Maine,United States,0.28,0,3.16,204.73,244501.27,70969.92,10785.64,7.60E-04,4.14,0.6325
Cocal,Piaui,Brazil,0.27,0,0.9,89.09,275919.85,20983.11,11989.98,4.80E-04,2.1,0.414
New York,New York,United States,0.27,0,4.02,30474.17,275919.85,93594.4,11989.98,8.50E-04,4.58,0.5706
Reading,Reading,United Kingdom,0.27,0,3.43,515.62,275919.85,80003.36,11989.98,6.60E-04,5.57,0.5722
San Dimas,California,United States,0.27,0,3.11,205.54,275919.85,72392.73,11989.98,7.30E-04,4.11,0.6022
Warsaw,Mazovia,Poland,0.27,0,1.35,134.17,275919.85,31445.6,11989.98,5.00E-04,2.99,0.5726
Nottingham,Nottingham,United Kingdom,0.26,0,3.27,855.76,276775.62,79229.37,12021.52,7.00E-04,4.95,0.5648
Colchester,Essex,United Kingdom,0.25,0,3.26,292.86,277389.54,82019.64,12044.05,7.20E-04,4.8,0.594
Morgan Hill,California,United States,0.25,0,2.94,321.06,277389.54,73920.83,12044.05,5.80E-04,5.11,0.5248
City of Parramatta,New South Wales,Australia,0.24,0,3.87,143.02,279342,101442.34,12116.95,6.60E-04,5.56,0.6068
Portland,Maine,United States,0.24,0,3.32,486.95,279342,87001.03,12116.95,7.10E-04,4.68,0.6034
Richmond,California,United States,0.24,0,3.04,346.21,279342,79690.34,12116.95,6.90E-04,4.35,0.5669
Bristol,Bristol,United Kingdom,0.24,0,3.32,976.28,279342,87076.67,12116.95,6.60E-04,5.52,0.5662
Fort Collins,Colorado,United States,0.23,0,3.05,1378.76,281566.98,83322.58,12190.72,7.20E-04,4.16,0.4842
São Paulo,Sao Paulo,Brazil,0.23,0,1.17,846.22,281566.98,31969.68,12190.72,4.60E-04,2.86,0.4013
Brisbane,Queensland,Australia,0.22,0,3.23,1650.44,284632.52,92317.2,12304.16,0.00109,2.81,0.5802
Hove,Brighton and Hove,United Kingdom,0.22,0,3.53,146.73,284632.52,100891.85,12304.16,7.80E-04,4.86,0.5829
Rowland Heights,California,United States,0.22,0,2.82,337.91,284632.52,80611.57,12304.16,6.60E-04,4.15,0.5889
San Leandro,California,United States,0.22,0,2.57,930.47,284632.52,73471.8,12304.16,9.60E-04,2.68,0.4998
Campbell,California,United States,0.21,0,2.7,401.1,285471.36,80927.68,12335.51,5.10E-04,5.3,0.5022
Croydon,Croydon,United Kingdom,0.21,0,3.43,437.73,285471.36,102633.63,12335.51,6.90E-04,5.3,0.5761
Riverside,California,United States,0.19,0,3.16,2260.02,288335.6,104506.1,12444.53,8.40E-04,3.7,0.5715
Valencia,California,United States,0.19,0,3.15,604.23,288335.6,104191.67,12444.53,7.00E-04,4.35,0.5913
Fontana,California,United States,0.18,0,3.05,674.41,292172.58,106548.96,12589.49,8.20E-04,3.66,0.5635
Liverpool,Liverpool,United Kingdom,0.18,0,3.27,1044.3,292172.58,114259.8,12589.49,7.90E-04,4.41,0.5689
Louisville,Colorado,United States,0.18,0,2.69,2118.27,292172.58,94059.63,12589.49,0.00176,1.38,0.2981
Cerritos,California,United States,0.17,0,2.91,383.34,294746.2,107719.63,12687.93,6.90E-04,4.08,0.5876
Danville,California,United States,0.17,0,3.33,443.64,294746.2,123135.59,12687.93,5.00E-04,6.51,0.5384
Fairbanks,Alaska,United States,0.17,0,3.02,315.65,294746.2,111605.77,12687.93,7.40E-04,4.09,0.5761
Peterborough,Peterborough,United Kingdom,0.17,0,3.28,340.96,294746.2,121377.47,12687.93,6.60E-04,5.26,0.5781
San Rafael,California,United States,0.17,0,3.43,730.04,294746.2,126988.83,12687.93,5.90E-04,5.77,0.5666
Toulouse,Upper Garonne,France,0.17,0,1.33,103.88,294746.2,49353.32,12687.93,3.00E-04,4.28,0.4327
Zanesville,Ohio,United States,0.17,0,3.26,256.11,294746.2,120767.63,12687.93,8.50E-04,3.74,0.6208
Seville,Seville,Spain,0.16,0,1.68,142.47,302286.55,65975.28,12984.64,7.10E-04,2.42,0.5207
The Bronx,New York,United States,0.16,0,3.94,7397.88,302286.55,155013.55,12984.64,0.00139,2.77,0.5159
Parker,Colorado,United States,0.15,0,2.84,842.42,303128.97,119270.66,13016.88,6.50E-04,4.35,0.5002
Cheyenne,Wyoming,United States,0.14,0,2.03,1074.15,312782.67,91154.82,13389.55,0.00506,0.4,0.4718
Colorado Springs,Colorado,United States,0.14,0,3,4449.13,312782.67,134607.27,13389.55,6.90E-04,4.23,0.5368
Dublin,California,United States,0.14,0,2.89,982.25,312782.67,129897.58,13389.55,9.10E-04,3.14,0.5109
Honolulu,Hawaii,United States,0.14,0,3.43,3148.18,312782.67,154113.94,13389.55,7.40E-04,4.46,0.583
Pico Rivera,California,United States,0.13,0,3.02,201.39,313526.09,146214.6,13416.94,8.80E-04,3.34,0.6052
Recife,Pernambuco,Brazil,0.13,0,0.87,91.62,313526.09,42017.42,13416.94,3.90E-04,2.47,0.4192
Marseille,Bouches-du-Rhône,France,0.13,0,1.21,81.33,313526.09,58774.81,13416.94,3.50E-04,3.41,0.465
Rohnert Park,California,United States,0.13,0,2.75,369.08,313526.09,132963.98,13416.94,7.30E-04,3.8,0.5808
Brasília,Federal District,Brazil,0.12,0,0.95,142.85,314302.87,49725.27,13446.41,3.90E-04,2.84,0.4038
Cardiff,Cardiff,United Kingdom,0.12,0,3.29,381.33,314302.87,172284.02,13446.41,7.70E-04,4.53,0.5628
Swansea,City and County of Swansea,United Kingdom,0.12,0,3.29,252.59,314302.87,172512.42,13446.41,8.40E-04,4.15,0.5924
Adelaide,South Australia,Australia,0.11,0,3.11,785.89,327505.88,177917.41,13967.95,0.0016,1.85,0.5762
Flushing,New York,United States,0.11,0,3.22,752.67,327505.88,184161.92,13967.95,7.60E-04,4.2,0.5509
Martinez,California,United States,0.11,0,3.13,265.17,327505.88,179089.99,13967.95,5.90E-04,5.3,0.5832
Omaha,Nebraska,United States,0.11,0,3.11,5797.74,327505.88,177811.46,13967.95,7.90E-04,3.77,0.5316
Salt Lake City,Utah,United States,0.11,0,3.28,5601.55,327505.88,187374.18,13967.95,7.60E-04,4.23,0.5606
Whittier,California,United States,0.1,0,2.98,799.35,328305.24,187463.33,13999.49,0.00103,2.82,0.5604
Anchorage,Alaska,United States,0.09,0,3.33,1697.48,331094.7,232482.46,14107.11,8.80E-04,3.72,0.6042
Quezon City,National Capital Region,Philippines,0.09,0,0.85,516.93,331094.7,59218.72,14107.11,9.00E-04,0.99,0.4575
San Bernardino,California,United States,0.09,0,2.94,575.06,331094.7,205533.4,14107.11,8.90E-04,3.19,0.6151
Lucena City,Quezon,Philippines,0.08,0,0.84,224.72,331319.42,66405.13,14114.65,9.10E-04,0.98,0.4745
Corona,California,United States,0.06,0,3.11,1221.14,340940.48,326198.11,14501.39,9.60E-04,3.16,0.5511
Downey,California,United States,0.06,0,2.72,1522.82,340940.48,284707.28,14501.39,0.0014,1.94,0.4594
Mountain View,California,United States,0.06,0,2.31,6877.1,340940.48,242512.9,14501.39,0.00114,2.01,0.3372
Leeds,Leeds,United Kingdom,0.05,0,3.4,1229.56,347656.43,427224.26,14773.73,8.40E-04,4.23,0.5557
Manchester,Manchester,United Kingdom,0.05,0,3.03,1497.81,347656.43,381137.66,14773.73,6.80E-04,4.69,0.5603
Montreal,Quebec,Canada,0.05,0,2.69,3587.28,347656.43,338928.23,14773.73,0.00152,1.75,0.4889
Quezon,Province of Nueva Ecija,Philippines,0.05,0,0.84,401.3,347656.43,105947.86,14773.73,8.10E-04,1.11,0.4734
Las Vegas,Nevada,United States,0.03,0,3.04,10481.07,358898.46,636698.38,15240.01,0.00196,1.52,0.6159
Palmdale,California,United States,0.03,0,2.97,760.97,358898.46,623283.03,15240.01,7.90E-04,3.7,0.6102
Atlanta,Georgia,United States,0.02,0,3.45,9550.87,413707.37,1084863.68,17531.35,0.00191,1.71,0.5134
Boston,Massachusetts,United States,0.02,0,4.35,5470.74,413707.37,1368499.37,17531.35,8.30E-04,5.22,0.5401
Chicago,Illinois,United States,0.02,0,3.65,23961.55,413707.37,1148292.6,17531.35,0.0011,3.21,0.5266
Raleigh,North Carolina,United States,0.02,0,3.49,4281.09,413707.37,1098694.58,17531.35,0.0012,2.85,0.5611
Seattle,Washington,United States,0.02,0,3.39,11544.66,413707.37,1066241.38,17531.35,8.80E-04,3.55,0.5617
Ashburn,Virginia,United States,0.01,0,3.41,2339.9,431211.48,2147366.45,18263.77,0.00498,0.67,0.5513
Dallas,Texas,United States,0.01,0,3.39,11998.2,431211.48,2130351.1,18263.77,0.00129,2.53,0.56
Tokyo,Tokyo,Japan,0.01,0,0.94,3166.01,431211.48,591556.89,18263.77,6.40E-04,1.35,0.3437
Portland,Oregon,United States,0,0,3.41,9461.62,441838.34,Infinity,18713.86,8.00E-04,4.16,0.5502
Seoul,Seoul,Republic of Korea,0,0,0.5,1165.23,441838.34,Infinity,18713.86,0.00124,0.37,0.3977
